{
  "scores": {
    "correctness": 1.0,
    "efficiency": 0.996454730455298,
    "security": 0.8,
    "conformance": 0.6666666666666666,
    "overall": 0.841476004995877
  },
  "details": {
    "correctness": {
      "passed": 7,
      "total": 7,
      "failed_tests": [],
      "score": 1.0
    },
    "efficiency": {
      "total_time": 6.875008693896234e-06,
      "max_memory": 226,
      "time_score": 0.9931249913061038,
      "memory_score": 0.9997844696044922,
      "score": 0.996454730455298
    },
    "security": {
      "issues": [
        "Potential integer overflow from user input"
      ],
      "issue_count": 1,
      "score": 0.8
    },
    "conformance": {
      "documentation_coverage": 0.0,
      "line_length_score": 1.0,
      "naming_score": 1.0,
      "long_lines": 0,
      "naming_issues": 0,
      "score": 0.6666666666666666
    }
  }
}